"Compute","EC2","https://aws.amazon.com/ec2/","Compute Engine","https://cloud.google.com/compute","Virtual Machines","https://azure.microsoft.com/services/virtual-machines/","OCI Compute","https://www.oracle.com/cloud/compute/","1:1","Serviços de máquinas virtuais escaláveis"
"Compute","ECS","https://aws.amazon.com/ecs/","Cloud Run / GKE Autopilot","https://cloud.google.com/run","Azure Container Instances / AKS","https://azure.microsoft.com/services/container-instances/","OCI Container Engine (OKE)","https://www.oracle.com/cloud/container-engine-kubernetes/","Aproximado","Orquestração e execução de containers"
"Compute","EKS","https://aws.amazon.com/eks/","GKE","https://cloud.google.com/kubernetes-engine","AKS","https://azure.microsoft.com/services/kubernetes-service/","OCI Container Engine (OKE)","https://www.oracle.com/cloud/container-engine-kubernetes/","1:1","Gerenciamento Kubernetes gerenciado"
"Compute","Fargate","https://aws.amazon.com/fargate/","Cloud Run","https://cloud.google.com/run","Azure Container Instances","https://azure.microsoft.com/services/container-instances/","OCI Container Instances","https://www.oracle.com/cloud/container-instances/","Aproximado","Execução serverless de containers"
"Compute","Lambda","https://aws.amazon.com/lambda/","Cloud Functions","https://cloud.google.com/functions","Azure Functions","https://learn.microsoft.com/azure/azure-functions/","Oracle Functions","https://www.oracle.com/cloud/functions/","1:1","Serverless Functions as a Service"
"Compute","Lightsail","https://aws.amazon.com/lightsail/","App Engine / Small Compute","https://cloud.google.com/appengine","Azure App Service / Small VMs","https://azure.microsoft.com/services/app-service/","OCI Simple Compute / Ampere","https://www.oracle.com/cloud/compute/ampere/","Aproximado","Serviços simples de VM/hosting para workloads menores"
"Compute","Outposts","https://aws.amazon.com/outposts/","Anthos / Distributed Cloud","https://cloud.google.com/anthos","Azure Stack / Azure Arc","https://azure.microsoft.com/overview/azure-stack/","OCI Dedicated Region / Cloud@Customer","https://www.oracle.com/cloud/cloud-at-customer/","Aproximado","Infraestrutura híbrida e on-prem"
"Compute","Wavelength","https://aws.amazon.com/wavelength/","Anthos for Telecom / Edge","https://cloud.google.com/anthos","Azure Edge Zones","https://azure.microsoft.com/services/edge-zones/","OCI Edge Services","https://www.oracle.com/cloud/edge/","Aproximado","Compute em borda móvel/5G"
"Compute","Local Zones","https://aws.amazon.com/about-aws/global-infrastructure/localzones/","Regions & Zones/Edge","https://cloud.google.com/compute/docs/regions-zones","Azure Edge Zones / Local","https://azure.microsoft.com/services/edge-zones/","OCI Edge Region","https://www.oracle.com/cloud/regions/","Aproximado","Compute regional em borda/local"
"Compute","Batch","https://aws.amazon.com/batch/","Cloud Batch","https://cloud.google.com/batch","Azure Batch","https://azure.microsoft.com/services/batch/","OCI Batch","https://docs.oracle.com/en/cloud/engineering/oci-batch/","1:1","Processamento batch e HPC"
"Compute","Elastic Beanstalk","https://aws.amazon.com/elasticbeanstalk/","App Engine","https://cloud.google.com/appengine","Azure App Service","https://azure.microsoft.com/services/app-service/","OCI Application Services","https://www.oracle.com/cloud/","Aproximado","PaaS para deploy de apps"
"Compute","Auto Scaling","https://aws.amazon.com/autoscaling/","Autoscaler (GCP)","https://cloud.google.com/compute/docs/autoscaler","VM Scale Sets","https://learn.microsoft.com/azure/virtual-machine-scale-sets/","OCI Autoscaling","https://docs.oracle.com/en-us/iaas/Content/Compute/Tasks/auto_scaling.htm","1:1","Auto scaling de VMs/recursos"
"Compute","VMware Cloud on AWS","https://aws.amazon.com/vmware/","Google Cloud VMware Engine","https://cloud.google.com/vmware-engine","Azure VMware Solution","https://azure.microsoft.com/services/azure-vmware/","Oracle Cloud VMware Solution","https://www.oracle.com/cloud/solutions/vmware/","1:1","VMware como serviço em cloud pública"
"Compute","EC2 Image Builder","https://aws.amazon.com/image-builder/","Image & OS tooling","https://cloud.google.com/compute/docs/images","Azure Image Builder","https://learn.microsoft.com/azure/virtual-machines/image-builder-overview","OCI Custom Images","https://docs.oracle.com/en-us/iaas/Content/Compute/Tasks/managingcustomimages.htm","1:1","Construção automatizada de imagens"
"Compute","App Runner","https://aws.amazon.com/apprunner/","Cloud Run","https://cloud.google.com/run","Azure App Service / Container Apps","https://azure.microsoft.com/services/app-service/","OCI Functions + API Gateway","https://www.oracle.com/cloud/functions/","Aproximado","Deploy simplificado de containers e apps"
"Compute","ParallelCluster (HPC)","https://aws.amazon.com/parallelcluster/","HPC on GCP","https://cloud.google.com/hpc","Azure CycleCloud","https://azure.microsoft.com/services/cyclecloud/","Oracle HPC Solutions","https://www.oracle.com/cloud/hpc/","Aproximado","Orquestração de clusters HPC"
"Compute","Nitro Enclaves","https://aws.amazon.com/ec2/nitro/nitro-enclaves/","Confidential VMs","https://cloud.google.com/confidential-computing/docs","Azure Confidential Computing","https://learn.microsoft.com/azure/confidential-computing/overview","OCI Confidential VMs","https://www.oracle.com/security/confidential-computing/","1:1","Execução isolada e segura de workloads"
"Compute","Graviton (ARM CPU)","https://aws.amazon.com/ec2/graviton/","Tau (T2D) / ARM VMs","https://cloud.google.com/compute","Arm-based VMs","https://learn.microsoft.com/azure/virtual-machines/arm/overview","Ampere A1 (OCI)","https://www.oracle.com/cloud/compute/ampere/","Aproximado","Instâncias baseadas em ARM"
"Compute","Trainium (training chips)","https://aws.amazon.com/trainium/","TPU","https://cloud.google.com/tpu","Azure GPU/AI (ND series)","https://learn.microsoft.com/azure/virtual-machines/sizes-gpu","OCI AI Accelerated VMs","https://www.oracle.com/artificial-intelligence/","Aproximado","Aceleradores para treinamento ML"
"Compute","Inferentia (inference chips)","https://aws.amazon.com/machine-learning/amazon-inferentia/","TPU / Inference","https://cloud.google.com/tpu","Azure AI Inference VMs","https://learn.microsoft.com/azure/machine-learning/how-to-deploy-hardware-accelerated-inference","OCI AI Inference VM","https://www.oracle.com/artificial-intelligence/","Aproximado","Aceleradores para inferência ML"
"Storage","Amazon S3","https://aws.amazon.com/s3/","Cloud Storage (GCS)","https://cloud.google.com/storage","Azure Blob Storage","https://azure.microsoft.com/services/storage/blobs/","OCI Object Storage","https://www.oracle.com/cloud/storage/object-storage/","1:1","Object storage service"
"Storage","Amazon S3 Glacier","https://aws.amazon.com/glacier/","Cloud Storage - Archive/Coldline","https://cloud.google.com/storage/docs/storage-classes","Azure Blob Storage - Archive","https://learn.microsoft.com/azure/storage/blobs/storage-blob-storage-tiers","OCI Archive Storage","https://www.oracle.com/cloud/storage/archive-storage/","1:1","Archive / cold storage"
"Storage","Amazon S3 Glacier Deep Archive","https://aws.amazon.com/s3/storage-classes/#glacier_deep_archive","Cloud Storage - Archive/Deep","https://cloud.google.com/storage/docs/storage-classes","Azure Blob Archive","https://learn.microsoft.com/azure/storage/blobs/storage-blob-storage-tiers","OCI Archive Storage","https://www.oracle.com/cloud/storage/archive-storage/","1:1","Deep archive storage class"
"Storage","Amazon EBS","https://aws.amazon.com/ebs/","Persistent Disk (PD)","https://cloud.google.com/compute/docs/disks","Azure Managed Disks","https://learn.microsoft.com/azure/virtual-machines/disks-types","OCI Block Volumes","https://www.oracle.com/cloud/storage/block/","1:1","Block storage for VMs"
"Storage","Amazon EBS Snapshots","https://docs.aws.amazon.com/AWSEC2/latest/UserGuide/ebs-creating-snapshot.html","Snapshots (PD)","https://cloud.google.com/compute/docs/disks/snapshot-disks","Snapshots (Disks)","https://learn.microsoft.com/azure/virtual-machines/windows/snapshot-copy-managed-disk","OCI Block Volume Backups","https://docs.oracle.com/en-us/iaas/Content/Block/Concepts/snapshots.htm","1:1","Point-in-time snapshots/backups of block volumes"
"Storage","Amazon EFS","https://aws.amazon.com/efs/","Filestore / Managed NFS","https://cloud.google.com/filestore","Azure Files","https://learn.microsoft.com/azure/storage/files/","OCI File Storage","https://www.oracle.com/cloud/storage/file-storage/","1:1","Managed NFS file system"
"Storage","Amazon FSx for Windows File Server","https://aws.amazon.com/fsx/windows/","Filestore / Partner / Managed SMB","https://cloud.google.com/filestore","Azure NetApp Files / Azure Files","https://learn.microsoft.com/azure/azure-netapp-files-overview","OCI File Storage / Partner","https://www.oracle.com/cloud/storage/file-storage/","Aproximado","Managed SMB/enterprise file services"
"Storage","Amazon FSx for Lustre","https://aws.amazon.com/fsx/lustre/","Filestore / HPC filesystems","https://cloud.google.com/filestore","Azure NetApp Files / HPC","https://azure.microsoft.com/services/azure-netapp-files/","OCI File Storage / HPC","https://www.oracle.com/cloud/storage/file-storage/","Aproximado","High-performance file system (Lustre)"
"Storage","Amazon FSx for NetApp ONTAP","https://aws.amazon.com/fsx/ontap/","Partner (NetApp Cloud Volumes)","https://cloud.google.com/partners/netapp","Azure NetApp Files","https://learn.microsoft.com/azure/azure-netapp-files-overview","NetApp on OCI (partner)","https://cloud.netapp.com/","Parceiro","NetApp ONTAP managed offering via partners"
"Storage","Amazon FSx for OpenZFS","https://aws.amazon.com/fsx/openzfs/","Partner/Filestore","https://cloud.google.com/filestore","Azure Files / NetApp","https://learn.microsoft.com/azure/storage/files/","OCI File Storage / Partner","https://www.oracle.com/cloud/storage/file-storage/","Aproximado","Managed OpenZFS filesystems"
"Storage","AWS Storage Gateway","https://aws.amazon.com/storagegateway/","Transfer / Storage Gateway patterns","https://cloud.google.com/storage-transfer-service","Azure File Sync / StorSimple (legacy)","https://learn.microsoft.com/azure/storage/files/storage-sync-files-planning","OCI Data Transfer / Storage Gateway","https://www.oracle.com/cloud/data-transfer/","Aproximado","Hybrid storage gateway"
"Storage","AWS DataSync","https://aws.amazon.com/datasync/","Storage Transfer Service","https://cloud.google.com/storage-transfer-service","Azure Data Factory / Data Box","https://learn.microsoft.com/azure/data-factory/","OCI Data Transfer","https://www.oracle.com/cloud/data-transfer/","Aproximado","Automated transfer/sync of data"
"Storage","AWS Transfer Family (SFTP/FTPS/FTP)","https://aws.amazon.com/transfer-family/","Transfer service / marketplace","https://cloud.google.com/solutions/transferring-data","Azure SFTP via Blob Storage / Logic Apps","https://learn.microsoft.com/azure/overview-sftp","OCI Transfer (via partners)","https://cloudmarketplace.oracle.com/","Aproximado","Managed SFTP/FTP endpoints for file transfer"
"Storage","AWS Snow Family (Snowcone, Snowball, Snowmobile)","https://aws.amazon.com/snow-family/","Transfer Appliance","https://cloud.google.com/transfer-appliance","Azure Data Box","https://learn.microsoft.com/azure/databox/","OCI Data Transfer Appliance","https://www.oracle.com/cloud/data-transfer/","1:1","Offline/bulk data transfer appliances"
"Storage","AWS Backup","https://aws.amazon.com/backup/","Backup solutions / Partner","https://cloud.google.com/backup-and-dr","Azure Backup","https://learn.microsoft.com/azure/backup/overview","OCI Backup / DR","https://www.oracle.com/cloud/backup-and-recovery/","1:1","Centralized backup service"
"Storage","Amazon S3 Transfer Acceleration","https://aws.amazon.com/s3/transfer-acceleration/","Signed URLs / CDN patterns","https://cloud.google.com/storage/docs/access-control/signed-urls","Azure CDN + SAS / Transfer tools","https://learn.microsoft.com/azure/storage/blobs/sas-overview","OCI CDN + Signed URLs","https://www.oracle.com/cloud/cdn/","Aproximado","Accelerated transfer / signed URL features"
"Storage","Amazon EFS One Zone","https://aws.amazon.com/efs/features/#one-zone","Single-zone Filestore","https://cloud.google.com/filestore","Azure Files - standard tiers","https://learn.microsoft.com/azure/storage/files/","OCI File Storage","https://www.oracle.com/cloud/storage/file-storage/","Aproximado","Lower-cost single-zone file storage"
"Storage","Amazon Elastic Disaster Recovery (DRS)","https://aws.amazon.com/elastic-disaster-recovery/","Disaster recovery solutions / Partner","https://cloud.google.com/solutions/disaster-recovery","Azure Site Recovery","https://learn.microsoft.com/azure/site-recovery/overview","OCI Disaster Recovery / Backup","https://www.oracle.com/cloud/availability/","Aproximado","Disaster recovery service"
"Database","Amazon RDS","https://aws.amazon.com/rds/","Cloud SQL","https://cloud.google.com/sql","Azure SQL Database","https://azure.microsoft.com/services/sql-database/","Autonomous Database / Oracle DB","https://www.oracle.com/database/","1:1","Managed relational DBs (MySQL/Postgres/SQL Server)"
"Database","Amazon Aurora","https://aws.amazon.com/rds/aurora/","AlloyDB / Cloud SQL (variants)","https://cloud.google.com/alloydb","Azure Database for PostgreSQL/MySQL (Flexible/Hyperscale)","https://azure.microsoft.com/services/postgresql/","OCI Autonomous Database (HeatWave)","https://www.oracle.com/autonomous-database/","Aproximado","High performance managed relational DB"
"Database","Amazon DynamoDB","https://aws.amazon.com/dynamodb/","Cloud Bigtable / Firestore (use-cases)","https://cloud.google.com/bigtable","Azure Cosmos DB","https://azure.microsoft.com/services/cosmos-db/","Oracle NoSQL Database","https://www.oracle.com/database/nosql/","Aproximado","Managed NoSQL key-value/document store"
"Database","Amazon ElastiCache","https://aws.amazon.com/elasticache/","MemoryStore (Redis)","https://cloud.google.com/memorystore","Azure Cache for Redis","https://azure.microsoft.com/services/cache/","Oracle Coherence / Redis (partners)","https://www.oracle.com/middleware/technologies/coherence.html","1:1","Managed in-memory caching (Redis/Memcached)"
"Database","Amazon DocumentDB","https://aws.amazon.com/documentdb/","Firestore / MongoDB Atlas (marketplace)","https://cloud.google.com/firestore","Azure Cosmos DB (Mongo API)","https://learn.microsoft.com/azure/cosmos-db/mongodb/mongodb-introduction","MongoDB Atlas (OCI Marketplace) / Oracle NoSQL","https://www.mongodb.com/atlas","Parceiro","MongoDB-compatible managed DB via partner"
"Database","Amazon Neptune","https://aws.amazon.com/neptune/","Neo4j Aura (partner) / Graph solutions","https://neo4j.com/cloud/aura/","Azure Cosmos DB (Gremlin)","https://learn.microsoft.com/azure/cosmos-db/graph/graph-introduction","No direct native OCI graph; partner options","https://cloudmarketplace.oracle.com/","Sem equivalente","Graph DB (often via partner)"
"Database","Amazon Keyspaces (Cassandra)","https://aws.amazon.com/keyspaces/","Astra DB / Cassandra (partner)","https://www.datastax.com/astra","Cosmos DB (Cassandra API)","https://learn.microsoft.com/azure/cosmos-db/cassandra/","No native OCI Cassandra; partner options","https://cloudmarketplace.oracle.com/","Sem equivalente","Managed Cassandra-compatible DB"
"Database","Amazon Timestream","https://aws.amazon.com/timestream/","Bigtable / time-series patterns","https://cloud.google.com/bigtable","Azure Data Explorer / Time Series Insights","https://azure.microsoft.com/services/data-explorer/","No dedicated OCI time-series DB (partners)","https://www.oracle.com/database/","Sem equivalente","Time-series DB service"
"Database","Amazon QLDB","https://aws.amazon.com/qldb/","No direct equivalent"," ","Azure Confidential Ledger","https://azure.microsoft.com/services/azure-confidential-ledger/","No direct OCI equivalent","https://www.oracle.com/database/","Sem equivalente","Ledger/immutable journal DB"
"Database","Amazon Redshift","https://aws.amazon.com/redshift/","BigQuery","https://cloud.google.com/bigquery","Azure Synapse Analytics","https://azure.microsoft.com/services/synapse-analytics/","Oracle Autonomous Data Warehouse","https://www.oracle.com/autonomous-database/autonomous-data-warehouse/","Aproximado","Cloud data warehouse"
"Database","Amazon MemoryDB for Redis","","Memorystore","","Azure Cache for Redis","","OCI Cache / Autonomous Data Cache","","1:1","Redis nativo em todos; Memcached apenas AWS"
"Database","Amazon DMS","","BigQuery","","Azure Synapse Analytics","","Oracle Autonomous Data Warehouse","","1:1","Data warehouse analítico"
"Database","Amazon Glue Data Catalog","","Database Migration Service (GCP)","","Azure Database Migration Service","","OCI Database Migration","","1:1","Serviços de migração"
"Networking","Amazon VPC","https://aws.amazon.com/vpc/","VPC","https://cloud.google.com/vpc","Azure Virtual Network (VNet)","https://learn.microsoft.com/azure/virtual-network/","Oracle VCN","https://docs.oracle.com/en-us/iaas/Content/Network/Tasks/managingVCNs.htm","1:1","Virtual networks"
"Networking","AWS Transit Gateway","https://aws.amazon.com/transit-gateway/","Network Connectivity Center","https://cloud.google.com/network-connectivity/docs/connectivity-center","Azure Virtual WAN","https://learn.microsoft.com/azure/virtual-wan/","OCI Dynamic Routing Gateway (DRG)","https://docs.oracle.com/en-us/iaas/Content/Network/Tasks/managingDRGs.htm","Aproximado","Hub-and-spoke connectivity"
"Networking","AWS Direct Connect","https://aws.amazon.com/directconnect/","Cloud Interconnect (Dedicated Interconnect)","https://cloud.google.com/interconnect","Azure ExpressRoute","https://learn.microsoft.com/azure/expressroute/","OCI FastConnect","https://www.oracle.com/cloud/networking/fastconnect/","1:1","Private interconnect"
"Networking","Elastic Load Balancing (ELB)","https://aws.amazon.com/elasticloadbalancing/","Cloud Load Balancing","https://cloud.google.com/load-balancing","Azure Load Balancer / Application Gateway","https://learn.microsoft.com/azure/load-balancer-overview","OCI Load Balancer","https://www.oracle.com/cloud/networking/load-balancing/","1:1","L4/L7 load balancing"
"Networking","Amazon Route 53","https://aws.amazon.com/route53/","Cloud DNS","https://cloud.google.com/dns","Azure DNS","https://learn.microsoft.com/azure/dns/","OCI DNS","https://www.oracle.com/cloud/networking/dns/","1:1","Managed DNS service"
"Networking","Amazon CloudFront","https://aws.amazon.com/cloudfront/","Cloud CDN","https://cloud.google.com/cdn","Azure CDN / Front Door","https://azure.microsoft.com/services/cdn/","OCI CDN (Akamai/partner)","https://www.oracle.com/cloud/cdn/","Aproximado","Content Delivery Network"
"Networking","AWS Global Accelerator","https://aws.amazon.com/global-accelerator/","Traffic Director / Global routing","https://cloud.google.com/traffic-director","Azure Front Door","https://azure.microsoft.com/services/frontdoor/","No direct native OCI equivalent","https://www.oracle.com/cloud/networking/","Sem equivalente","Global traffic acceleration"
"Networking","AWS Site-to-Site VPN","https://aws.amazon.com/vpn/","Cloud VPN","https://cloud.google.com/network-connectivity/docs/vpn","Azure VPN Gateway","https://learn.microsoft.com/azure/vpn-gateway/","OCI IPSec VPN","https://docs.oracle.com/en-us/iaas/Content/Network/Tasks/ipsec.htm","1:1","VPN connectivity"
"Networking","AWS PrivateLink","https://aws.amazon.com/privatelink/","Private Service Connect","https://cloud.google.com/vpc/docs/private-service-connect","Azure Private Link","https://learn.microsoft.com/azure/private-link/","OCI Private Endpoints","https://docs.oracle.com/en-us/iaas/Content/Network/Tasks/privateendpoints.htm","1:1","Private service endpoints"
"Networking","AWS App Mesh","https://aws.amazon.com/app-mesh/","Traffic Director / Anthos Service Mesh","https://cloud.google.com/service-mesh","Azure Service Mesh / Istio on AKS","https://learn.microsoft.com/azure/aks/servicemesh-about","OCI Service Mesh","https://docs.oracle.com/en-us/iaas/Content/servicemesh/","Aproximado","Service mesh for microservices"
"Networking","AWS Network Firewall","https://aws.amazon.com/network-firewall/","VPC Firewall / network security","https://cloud.google.com/vpc/docs/firewalls","Azure Firewall","https://learn.microsoft.com/azure/firewall/overview","OCI Network Firewall","https://www.oracle.com/cloud/networking/network-firewall/","1:1","Managed network firewall"
"Networking","AWS WAF","https://aws.amazon.com/waf/","Cloud Armor","https://cloud.google.com/armor","Azure WAF","https://learn.microsoft.com/azure/web-application-firewall/","OCI WAF (partner/offering)","https://www.oracle.com/cloud/networking/web-application-firewall/","1:1","Web application firewall"
"Networking","VPC Peering","","VPC Networking Peering","https://cloud.google.com/vpc/docs/vpc-peering","VNet Peering","","VCN Peering","","1:1","Conexão privada entre redes"
"Networking","API Gateway","","API Gateway","https://cloud.google.com/api-gateway/docs","Azure API Management","","OCI API Gateway","","1:1","Gateway de APIs"
"Networking","AWS Shield","","Cloud Armor (DDoS Protection)","","Azure DDoS Protection","","OCI DDoS Protection","","Aproximado","Proteção contra DDoS"
"Networking","AWS Cloud Map","","Service Directory","","Azure Private DNS / Service Discovery","","Sem equivalente","","Aproximado","Service discovery"
"Networking","Elastic IP","","Static IP","","Public IP","","Reserved Public IP","","1:1","IPs estáticos"
"Networking","NAT Gateway","","Cloud NAT","","NAT Gateway","","NAT Gateway","","1:1","Tradução de endereços"
"Networking","VPN Gateway ","","Cloud VPN","","Azure VPN Gateway","","OCI VPN Connect","","1:1","VPNs para redes privadas"
"Security, Identity & Compliance","IAM","https://aws.amazon.com/iam/","Cloud IAM","https://cloud.google.com/iam","Microsoft Entra ID","https://azure.microsoft.com/en-us/products/active-directory","IAM","https://www.oracle.com/cloud/identity/","Gerenciamento de Identidade e Acesso","Serviço fundamental para controlar quem tem acesso a quais recursos e sob quais condições."
"Security, Identity & Compliance","KMS","https://aws.amazon.com/kms/","Cloud KMS","https://cloud.google.com/kms","Key Vault","https://azure.microsoft.com/en-us/services/key-vault/","Key Management","https://www.oracle.com/cloud/key-management/","Gerenciamento de Chaves de Criptografia","Serviço para criar e gerenciar chaves de criptografia usadas para proteger dados em repouso e em trânsito."
"Security, Identity & Compliance","Secrets Manager","https://aws.amazon.com/secrets-manager/","Secret Manager","https://cloud.google.com/secret-manager","Key Vault","https://azure.microsoft.com/en-us/services/key-vault/","Vault","https://www.oracle.com/cloud/vault/","Gerenciamento de Segredos","Armazena e gerencia segredos de aplicações, como credenciais de banco de dados e chaves de API, de forma segura. No Azure, essa funcionalidade é parte do Key Vault."
"Security, Identity & Compliance","WAF","https://aws.amazon.com/waf/","Cloud Armor","https://cloud.google.com/armor","Application Gateway WAF","https://azure.microsoft.com/en-us/services/application-gateway/waf/","WAF","https://www.oracle.com/cloud/waf/","Firewall de Aplicação Web","Protege aplicações web contra ataques comuns da web, como injeção de SQL e XSS."
"Security, Identity & Compliance","Security Hub","https://aws.amazon.com/security-hub/","Security Command Center","https://cloud.google.com/security-command-center","Microsoft Defender for Cloud","https://azure.microsoft.com/en-us/products/defender-for-cloud/","Cloud Guard","https://www.oracle.com/cloud/cloud-guard/","Gerenciamento Centralizado de Segurança","Centraliza alertas de segurança e compliance, fornecendo uma visão unificada do estado de segurança da sua infraestrutura na nuvem."
"Security, Identity & Compliance","GuardDuty","https://aws.amazon.com/guardduty/","Cloud Threat Detection","https://cloud.google.com/threat-detection","Microsoft Defender for Cloud","https://azure.microsoft.com/en-us/products/defender-for-cloud/","Threat Intelligence Service","https://www.oracle.com/cloud/threat-intelligence/","Detecção de Ameaças","Monitora continuamente atividades maliciosas e comportamentos não autorizados para proteger contas e cargas de trabalho."
"DevOps & CI/CD","CodeBuild","https://aws.amazon.com/codebuild/","Cloud Build","https://cloud.google.com/cloud-build","Azure Pipelines","https://azure.microsoft.com/services/devops/pipelines/","OCI DevOps","https://www.oracle.com/devops/","1:1","CI build"
"DevOps & CI/CD","CloudFormation","https://aws.amazon.com/cloudformation/","Deployment Manager","https://cloud.google.com/deployment-manager","ARM / Bicep","https://learn.microsoft.com/azure/azure-resource-manager/","OCI Resource Manager","https://www.oracle.com/cloud/resource-manager/","Aproximado","IaC"
"DevOps e CI/CD","CodeCommit","https://aws.amazon.com/codecommit/","Cloud Source Repositories","https://cloud.google.com/source-repositories","Azure Repos","https://azure.microsoft.com/en-us/services/devops/repos/","DevOps Code Repositories","https://www.oracle.com/cloud/devops/","Repositório de Código Git","Serviço de controle de versão privado e hospedado para armazenar e gerenciar código-fonte."
"DevOps e CI/CD","CodeBuild","https://aws.amazon.com/codebuild/","Cloud Build","https://cloud.google.com/cloud-build","Azure Pipelines","https://azure.microsoft.com/en-us/services/devops/pipelines/","DevOps Build Pipelines","https://www.oracle.com/cloud/devops/","Serviço de Build de Código","Compila código-fonte, executa testes e produz artefatos de software prontos para implantação."
"DevOps e CI/CD","CodeDeploy","https://aws.amazon.com/codedeploy/","Cloud Deploy","https://cloud.google.com/cloud-deploy","Azure Pipelines","https://azure.microsoft.com/en-us/services/devops/pipelines/","DevOps Deployments","https://www.oracle.com/cloud/devops/","Automação de Implantação","Automatiza a implantação de aplicações em uma variedade de serviços de computação, como EC2 e Lambda."
"DevOps e CI/CD","CodePipeline","https://aws.amazon.com/codepipeline/","Cloud Build","https://cloud.google.com/cloud-build","Azure Pipelines","https://azure.microsoft.com/en-us/services/devops/pipelines/","DevOps Build Pipelines","https://www.oracle.com/cloud/devops/","Orquestrador de CI/CD","Gerencia e automatiza todo o pipeline de entrega contínua, desde o commit do código até a implantação em produção."
"DevOps e CI/CD","CodeArtifact","https://aws.amazon.com/codeartifact/","Artifact Registry","https://cloud.google.com/artifact-registry","Azure Artifacts","https://azure.microsoft.com/en-us/services/devops/artifacts/","Artifacts Repository","https://www.oracle.com/cloud/artifacts-repository/","Repositório de Pacotes","Armazena, publica e compartilha pacotes de software, como Maven, npm e Python."
"DevOps e CI/CD","CloudFormation","https://aws.amazon.com/cloudformation/","Cloud Deployment Manager","https://cloud.google.com/deployment-manager","Azure Resource Manager (ARM)","https://azure.microsoft.com/en-us/services/resource-manager/","Resource Manager","https://www.oracle.com/cloud/resource-manager/","Infraestrutura como Código (IaC)","Permite definir e provisionar a infraestrutura de nuvem como código, facilitando a automação e a repetibilidade."
"DevOps e CI/CD","Systems Manager","https://aws.amazon.com/systems-manager/","Cloud Logging","https://cloud.google.com/logging","Azure Automation","https://azure.microsoft.com/en-us/services/automation/","Cloud Monitoring","https://www.oracle.com/cloud/monitoring/","Gerenciamento de Operações","Ferramenta para gerenciar a infraestrutura de nuvem, automatizar tarefas operacionais e manter o estado de configuração."
"DevOps e CI/CD","CloudWatch","https://aws.amazon.com/cloudwatch/","Cloud Monitoring","https://cloud.google.com/monitoring","Azure Monitor","https://azure.microsoft.com/en-us/services/monitor/","Cloud Monitoring","https://www.oracle.com/cloud/monitoring/","Monitoramento e Logs","Coleta e rastreia métricas e logs para monitorar a saúde de recursos e aplicações."
"Observability and Ops","CloudWatch","https://aws.amazon.com/cloudwatch/","Cloud Monitoring","https://cloud.google.com/monitoring","Azure Monitor","https://azure.microsoft.com/en-us/services/monitor/","Cloud Monitoring","https://www.oracle.com/cloud/monitoring/","Monitoramento e Observabilidade","Coleta métricas e logs para monitorar recursos e aplicações, permitindo a criação de alarmes e dashboards."
"Observability and Ops","CloudTrail","https://aws.amazon.com/cloudtrail/","Cloud Audit Logs","https://cloud.google.com/logging/docs/audit","Azure Activity Log","https://docs.microsoft.com/en-us/azure/azure-monitor/essentials/activity-log","Audit","https://docs.oracle.com/en-us/iaas/Content/General/Concepts/Auditing.htm","Registro de Atividades e Logs de Auditoria","Grava eventos de API e ações do usuário, fornecendo um registro detalhado de quem fez o quê, onde e quando."
"Observability and Ops","X-Ray","https://aws.amazon.com/xray/","Cloud Trace","https://cloud.google.com/trace","Application Insights","https://azure.microsoft.com/en-us/services/monitor/application-insights/","APM (Application Performance Monitoring)","https://www.oracle.com/cloud/application-performance-monitoring/","Rastreamento de Aplicações Distribuídas","Ajuda a analisar e depurar aplicações distribuídas e microsserviços, rastreando as requisições de ponta a ponta."
"Observability and Ops","Config","https://aws.amazon.com/config/","Cloud Asset Inventory","https://cloud.google.com/asset-inventory","Azure Policy","https://azure.microsoft.com/en-us/services/azure-policy/","Cloud Guard","https://www.oracle.com/cloud/cloud-guard/","Gerenciamento de Conformidade e Configuração","Avalia, audita e monitora a conformidade das configurações dos recursos na nuvem."
"Observability and Ops","Service Catalog","https://aws.amazon.com/servicecatalog/","Service Catalog","https://cloud.google.com/service-catalog","Azure Service Catalog","https://azure.microsoft.com/en-us/services/azure-devops/","Resource Manager","https://www.oracle.com/cloud/resource-manager/","Catálogo de Serviços","Permite que as organizações criem e gerenciem um catálogo de serviços de TI aprovados para seus usuários."
"Observability and Ops","OpsWorks","https://aws.amazon.com/opsworks/","Cloud Run","https://cloud.google.com/run","Azure Automation","https://azure.microsoft.com/en-us/services/automation/","Resource Manager","https://www.oracle.com/cloud/resource-manager/","Automação de Operações","Plataforma para gerenciar e automatizar a configuração e a implantação de aplicações."
"Messaging and Streaming","SQS (Simple Queue Service)","https://aws.amazon.com/sqs/","Pub/Sub (Queues)","https://cloud.google.com/pubsub","Service Bus Queues","https://azure.microsoft.com/en-us/services/service-bus/","Queue Service","https://www.oracle.com/cloud/queue-service/","Fila de Mensagens","Serviço de fila de mensagens totalmente gerenciado que permite desacoplar componentes de uma aplicação."
"Messaging and Streaming","SNS (Simple Notification Service)","https://aws.amazon.com/sns/","Pub/Sub (Topics)","https://cloud.google.com/pubsub","Event Grid","https://azure.microsoft.com/en-us/services/event-grid/","Notifications","https://www.oracle.com/cloud/notifications/","Publicar/Assinar","Serviço de notificação pub/sub que envia mensagens para múltiplos assinantes, como e-mails, SMS e outros serviços. No GCP, o Pub/Sub oferece tanto filas quanto tópicos."
"Messaging and Streaming","Kinesis","https://aws.amazon.com/kinesis/","Dataflow","https://cloud.google.com/dataflow","Event Hubs","https://azure.microsoft.com/en-us/services/event-hubs/","Streaming","https://www.oracle.com/cloud/streaming/","Análise de Streaming de Dados","Plataforma para coletar, processar e analisar dados de streaming em tempo real em larga escala."
"Messaging and Streaming","EventBridge","https://aws.amazon.com/eventbridge/","Eventarc","https://cloud.google.com/eventarc","Event Grid","https://azure.microsoft.com/en-us/services/event-grid/","Event Hubs","https://www.oracle.com/cloud/event-hubs/","Barramento de Eventos","Roteia eventos entre serviços da AWS e de terceiros para criar arquiteturas orientadas a eventos. No GCP e Azure, essa funcionalidade é coberta por seus serviços de eventos."
"Messaging and Streaming","MQ (Amazon MQ)","https://aws.amazon.com/amazon-mq/","","","Service Bus Topics","https://azure.microsoft.com/en-us/services/service-bus/","Streaming","https://www.oracle.com/cloud/streaming/","Gerenciador de Mensagens Gerenciado","Serviço gerenciado para brokers de mensagens de código aberto, como o Apache ActiveMQ e RabbitMQ. Não há uma equivalência direta e única no GCP e OCI, pois suas soluções são mais focadas em serviços proprietários, embora o Streaming da OCI possa ser usado para algumas finalidades."
"Messaging and Streaming","Managed Streaming for Apache Kafka (MSK)","https://aws.amazon.com/msk/","Confluent Cloud on GCP","https://cloud.google.com/marketplace/details/confluent-inc/cp-cloud","Confluent Cloud on Azure","https://azure.microsoft.com/en-us/marketplace/partners/confluent/confluent-platform","Managed Service for Apache Kafka","https://www.oracle.com/cloud/managed-kafka/","Kafka Gerenciado","Serviço totalmente gerenciado para executar clusters Apache Kafka, um dos sistemas de streaming mais populares do mundo. No GCP e Azure, a solução mais comum é via parcerias com a Confluent."
"Messaging and Streaming","Interactive Video Service (IVS)","https://aws.amazon.com/ivs/","Media CDN","https://cloud.google.com/media-cdn","Azure Media Services (Live Streaming)","https://azure.microsoft.com/en-us/services/media-services/live-streaming/","","","Streaming de Vídeo ao Vivo","Solução de streaming de vídeo ao vivo e de baixa latência para criar experiências interativas. No GCP e Azure, o foco é em CDN e serviços de mídia, respectivamente. O OCI não tem um equivalente direto e nativo."
"Messaging and Streaming","Managed Service for Apache Flink","https://aws.amazon.com/flink/","Dataflow","https://cloud.google.com/dataflow","Azure Stream Analytics","https://azure.microsoft.com/en-us/services/stream-analytics/","","","Processamento de Streaming","Plataforma gerenciada para processar fluxos de dados em tempo real, baseada em Apache Flink. Os equivalentes de GCP e Azure são serviços de análise de fluxo que servem ao mesmo propósito."
"Messaging and Streaming","Chime SDK","https://aws.amazon.com/chime/","Communications API (via Twilio, Vonage)","","Communication Services","https://azure.microsoft.com/en-us/services/communication-services/","","","Comunicações em Tempo Real","Kit de desenvolvimento (SDK) para adicionar funcionalidades de comunicação, como chat, áudio e vídeo, a aplicações. O Azure tem um serviço similar, mas o GCP não oferece uma solução nativa, confiando em parcerias como Twilio e Vonage."
"Analytics e Data Eng.","Redshift","https://aws.amazon.com/redshift/","BigQuery","https://cloud.google.com/bigquery","Synapse Analytics","https://azure.microsoft.com/en-us/services/synapse-analytics/","Autonomous Data Warehouse","https://www.oracle.com/cloud/autonomous-data-warehouse/","Data Warehouse em Nuvem","Armazenamento de dados em escala de petabytes para análise de negócios e data warehouse."
"Analytics e Data Eng.","Glue","https://aws.amazon.com/glue/","Dataproc","https://cloud.google.com/dataproc","Azure Databricks","https://azure.microsoft.com/en-us/services/databricks/","Data Integration","https://www.oracle.com/cloud/data-integration/","Serviço de ETL (Extract, Transform, Load)","Serviço de ETL sem servidor para preparar e carregar dados para análise."
"Analytics e Data Eng.","Athena","https://aws.amazon.com/athena/","BigQuery","https://cloud.google.com/bigquery","Synapse Analytics","https://azure.microsoft.com/en-us/services/synapse-analytics/","Data Catalog","httpswww.oracle.com/cloud/data-catalog/","Consulta de Dados (ad-hoc)","Serviço de consulta interativo que permite analisar dados diretamente no Amazon S3 usando SQL padrão."
"Analytics e Data Eng.","EMR (Elastic MapReduce)","https://aws.amazon.com/emr/","Dataproc","https://cloud.google.com/dataproc","HDInsight","https://azure.microsoft.com/en-us/services/hdinsight/","Data Flow","https://www.oracle.com/cloud/data-flow/","Cluster de Big Data (Hadoop)","Serviço gerenciado de cluster Hadoop, Spark, HBase, Presto e Hive para processar grandes volumes de dados."
"Analytics e Data Eng.","Kinesis","https://aws.amazon.com/kinesis/","Dataflow","https://cloud.google.com/dataflow","Event Hubs","https://azure.microsoft.com/en-us/services/event-hubs/","Streaming","https://www.oracle.com/cloud/streaming/","Streaming de Dados","Plataforma para coletar, processar e analisar dados de streaming em tempo real."
"Analytics e Data Eng.","Lake Formation","https://aws.amazon.com/lake-formation/","Dataplex","https://cloud.google.com/dataplex","Azure Purview","https://azure.microsoft.com/en-us/services/purview/","Data Catalog","https://www.oracle.com/cloud/data-catalog/","Data Lake","Serviço que simplifica a configuração de um data lake, gerenciando permissões, segurança e governança."
"Analytics e Data Eng.","QuickSight","https://aws.amazon.com/quicksight/","Looker","https://cloud.google.com/looker","Power BI","https://azure.microsoft.com/en-us/services/power-bi/","Analytics Cloud","https://www.oracle.com/cloud/analytics/","Business Intelligence (BI)","Serviço de BI escalável para criar dashboards interativos e visualizar dados."
"Analytics e Data Eng.","DataSync","https://aws.amazon.com/datasync/","Storage Transfer Service","https://cloud.google.com/storage-transfer-service","Azure Data Box","https://azure.microsoft.com/en-us/services/databox/","Data Transfer Service","https://www.oracle.com/cloud/data-transfer-service/","Sincronização e Transferência de Dados","Serviço de migração e sincronização de dados entre o ambiente on-premises e a nuvem."
"IA, ML e GenAI","SageMaker","https://aws.amazon.com/sagemaker/","Vertex AI","https://cloud.google.com/vertex-ai","Azure Machine Learning","https://azure.microsoft.com/en-us/services/machine-learning/","OCI AI Services","https://www.oracle.com/cloud/ai/","Plataforma de ML de Ponta a Ponta","Serviço completo para construir, treinar e implantar modelos de ML em escala."
"IA, ML e GenAI","Bedrock","https://aws.amazon.com/bedrock/","Vertex AI (Model Garden)","https://cloud.google.com/vertex-ai/docs/generative-ai/learn/models","Azure OpenAI Service","https://azure.microsoft.com/en-us/services/ai-services/openai-service/","OCI Generative AI","https://www.oracle.com/cloud/generative-ai/","Serviço de IA Generativa","Acesso a modelos de fundação (Foundation Models) de terceiros e da própria empresa para construir aplicações de IA generativa."
"IA, ML e GenAI","Rekognition","https://aws.amazon.com/rekognition/","Cloud Vision AI","https://cloud.google.com/vision","Computer Vision","https://azure.microsoft.com/en-us/services/cognitive-services/computer-vision/","AI Vision","https://www.oracle.com/cloud/ai/vision/","Análise de Imagem e Vídeo","Serviço para análise de imagem e vídeo que identifica objetos, pessoas, texto, e atividades."
"IA, ML e GenAI","Polly","https://aws.amazon.com/polly/","Text-to-Speech","https://cloud.google.com/text-to-speech","Speech Service","https://azure.microsoft.com/en-us/services/cognitive-services/speech-to-text/","AI Speech","https://www.oracle.com/cloud/ai/speech/","Texto para Fala (TTS)","Converte texto em fala realista com vozes naturais."
"IA, ML e GenAI","Transcribe","https://aws.amazon.com/transcribe/","Speech-to-Text","https://cloud.google.com/speech-to-text","Speech Service","https://azure.microsoft.com/en-us/services/cognitive-services/speech-to-text/","AI Speech","https://www.oracle.com/cloud/ai/speech/","Fala para Texto (STT)","Converte áudio falado em texto de forma precisa."
"IA, ML e GenAI","Translate","https://aws.amazon.com/translate/","Cloud Translation","https://cloud.google.com/translate","Translator","https://azure.microsoft.com/en-us/services/cognitive-services/translator/","","","Tradução de Idiomas","Serviço de tradução de idiomas em tempo real e em larga escala."
"IA, ML e GenAI","Comprehend","https://aws.amazon.com/comprehend/","Natural Language API","https://cloud.google.com/natural-language","Language Service","https://azure.microsoft.com/en-us/services/cognitive-services/language-service/","AI Language","https://www.oracle.com/cloud/ai/language/","Processamento de Linguagem Natural (NLP)","Extrai insights e relações de texto não estruturado, como análise de sentimento e extração de entidades."
"IA, ML e GenAI","Personalize","https://aws.amazon.com/personalize/","Recommendation AI","https://cloud.google.com/recommendations-ai","Personalizer","https://azure.microsoft.com/en-us/services/cognitive-services/personalizer/","","","Motor de Recomendação","Cria modelos de recomendação em tempo real para personalizar a experiência do usuário."
"IoT and Edge","IoT Core","https://aws.amazon.com/iot-core/","IoT Core","https://cloud.google.com/iot-core","IoT Hub","https://azure.microsoft.com/en-us/services/iot-hub/","IoT Cloud Service","https://www.oracle.com/cloud/iot/","Gerenciamento de Dispositivos","Serviço que permite conectar e gerenciar bilhões de dispositivos IoT com a nuvem de forma segura e escalável."
"IoT and Edge","IoT Greengrass","https://aws.amazon.com/greengrass/","Edge TPU","https://cloud.google.com/edge-tpu","IoT Edge","https://azure.microsoft.com/en-us/services/iot-edge/","IoT Cloud Service","https://www.oracle.com/cloud/iot/","Computação na Borda (Edge)","Estende as capacidades da nuvem para dispositivos IoT, permitindo que eles executem código localmente e processem dados na borda da rede."
"IoT and Edge","FreeRTOS","https://aws.amazon.com/freertos/","Android Things","https://developer.android.com/things","Azure RTOS","https://azure.microsoft.com/en-us/services/rtos/","","","Sistema Operacional em Tempo Real","Sistema operacional de código aberto para microcontroladores que facilita a programação, implantação e conexão de pequenos dispositivos de baixo consumo de energia."
"IoT and Edge","IoT Analytics","https://aws.amazon.com/iot-analytics/","IoT Dataflow","https://cloud.google.com/iot/data-analytics","IoT Central","https://azure.microsoft.com/en-us/services/iot-central/","IoT Cloud Service","https://www.oracle.com/cloud/iot/","Análise de Dados IoT","Serviço totalmente gerenciado para executar análises sofisticadas em grandes volumes de dados de IoT."
"IoT and Edge","IoT Events","https://aws.amazon.com/iot-events/","IoT Core (Events)","https://cloud.google.com/iot-core","IoT Central","https://azure.microsoft.com/en-us/services/iot-central/","IoT Cloud Service","https://www.oracle.com/cloud/iot/","Detecção de Eventos","Detecta e responde a eventos de dispositivos IoT, como falhas ou mudanças de estado."
"IoT and Edge","IoT SiteWise","https://aws.amazon.com/iot-sitewise/","FactoryTalk Analytics","https://www.rockwellautomation.com/en-us/products/software/factorytalk-suite.html","Manufacturing Data Connector","https://azure.microsoft.com/en-us/solutions/manufacturing/","Smart Manufacturing","https://www.oracle.com/cloud/manufacturing/","Análise de Dados Industriais","Coleta, armazena e organiza dados de equipamentos industriais em escala para análise e monitoramento."
"Migration and Transfer","Migration Hub","https://aws.amazon.com/migrationhub/","Migration Center","https://cloud.google.com/migration-center","Azure Migrate","https://azure.microsoft.com/en-us/services/azure-migrate/","Cloud Migrations","https://www.oracle.com/cloud/cloud-migrations/","Gerenciamento de Migração","Painel centralizado que ajuda a planejar, executar e rastrear migrações de aplicações para a nuvem."
"Migration and Transfer","Database Migration Service (DMS)","https://aws.amazon.com/dms/","Database Migration Service (DMS)","https://cloud.google.com/database-migration","Azure Database Migration Service","https://azure.microsoft.com/en-us/services/database-migration/","Database Migration Service","https://www.oracle.com/cloud/database-migration/","Migração de Banco de Dados","Serviço que facilita a migração de bancos de dados para a nuvem de forma rápida e segura, com tempo de inatividade mínimo."
"Migration and Transfer","DataSync","https://aws.amazon.com/datasync/","Storage Transfer Service","https://cloud.google.com/storage-transfer-service","Data Box Gateway","https://azure.microsoft.com/en-us/services/databox/databox-gateway/","Data Transfer Service","https://www.oracle.com/cloud/data-transfer-service/","Transferência de Dados Híbrida","Serviço de transferência de dados online rápido, simples e seguro entre armazenamento local e a nuvem."
"Migration and Transfer","Snow Family (Snowcone, Snowball, Snowmobile)","https://aws.amazon.com/snow/","Transfer Appliance","https://cloud.google.com/transfer/docs/transfer-appliance","Azure Data Box","https://azure.microsoft.com/en-us/services/databox/","Data Transfer Service","https://www.oracle.com/cloud/data-transfer-service/","Transferência de Dados Offline","Família de dispositivos físicos para migrar grandes volumes de dados para a nuvem quando a conexão de rede é inviável ou muito lenta."
"Migration and Transfer","Application Migration Service (MGN)","https://aws.amazon.com/mgn/","Migrate for Compute Engine","https://cloud.google.com/migrate","Azure Migrate","https://azure.microsoft.com/en-us/services/azure-migrate/","Cloud Migrations","https://www.oracle.com/cloud/cloud-migrations/","Migração de Servidores e Aplicações","Facilita a migração ""lift-and-shift"" de servidores locais para a nuvem."
"Migration and Transfer","Server Migration Service (SMS)","https://aws.amazon.com/sms/","Migrate for Compute Engine","https://cloud.google.com/migrate","Azure Migrate","https://azure.microsoft.com/en-us/services/azure-migrate/","Cloud Migrations","https://www.oracle.com/cloud/cloud-migrations/","Migração de Servidores","Automatiza e simplifica a migração de workloads no ambiente local para a nuvem."
"Media and Streaming","Elemental MediaConvert","https://aws.amazon.com/mediaconvert/","Transcoder API","https://cloud.google.com/transcoder/","Media Services (Encoding)","https://azure.microsoft.com/en-us/services/media-services/","Media Flow","https://www.oracle.com/cloud/media-flow/","Transcodificação de Vídeo","Converte arquivos de vídeo para formatos compatíveis com diversos dispositivos, como smartphones e smart TVs."
"Media and Streaming","Elemental MediaLive","https://aws.amazon.com/medialive/","Live Stream API","https://cloud.google.com/live-stream/","Media Services (Live Encoding)","https://azure.microsoft.com/en-us/services/media-services/","","","Transmissão de Eventos ao Vivo","Converte transmissões de vídeo ao vivo para diferentes formatos, permitindo a entrega em tempo real para múltiplos dispositivos."
"Media and Streaming","Elemental MediaPackage","https://aws.amazon.com/mediapackage/","Video Stitcher API","https://cloud.google.com/video-stitcher/","Media Services (Packaging)","https://azure.microsoft.com/en-us/services/media-services/","Media Streams","https://www.oracle.com/cloud/media-streams/","Empacotamento de Conteúdo","Prepara e protege o conteúdo de vídeo para entrega, empacotando-o em formatos de streaming adaptável."
"Media and Streaming","Elemental MediaStore","https://aws.amazon.com/mediastore/","Media CDN","https://cloud.google.com/media-cdn","Media Services (Live Streaming)","https://azure.microsoft.com/en-us/services/media-services/","Object Storage","https://www.oracle.com/cloud/object-storage/","Armazenamento de Mídia","Armazenamento de alto desempenho otimizado para entrega de mídia ao vivo e sob demanda."
"Media and Streaming","Elemental MediaTailor","https://aws.amazon.com/mediatailor/","Video Stitcher API","https://cloud.google.com/video-stitcher/","Media Services (Ad Insertion)","https://azure.microsoft.com/en-us/services/media-services/","","","Inserção de Anúncios","Personaliza o conteúdo de vídeo e insere anúncios de forma transparente, com rastreamento e monetização."
"Media and Streaming","Interactive Video Service (IVS)","https://aws.amazon.com/ivs/","Live Stream API","https://cloud.google.com/live-stream/","Media Services (Live Streaming)","https://azure.microsoft.com/en-us/services/media-services/","","","Serviço de Streaming Interativo","Serviço gerenciado para construir experiências de vídeo ao vivo e de baixa latência."
"Marketplace and Partners","AWS Marketplace","https://aws.amazon.com/marketplace/","Google Cloud Marketplace","https://cloud.google.com/marketplace","Azure Marketplace","https://azuremarketplace.microsoft.com/en-us/","OCI Marketplace","https://cloudmarketplace.oracle.com/","Marketplace de Soluções","Uma loja digital com milhares de listagens de software de vendedores independentes, permitindo que os clientes encontrem, comprem e implantem soluções de terceiros diretamente em suas contas de nuvem."
"Marketplace and Partners","AWS Partner Network (APN)","https://aws.amazon.com/partners/","Google Cloud Partner Advantage","https://cloud.google.com/partners","Microsoft Cloud Partner Program","https://partner.microsoft.com/en-us/pcp","Oracle Partner Network (OPN)","https://www.oracle.com/partnernetwork/","Programa de Parceria","Programa que oferece recursos, treinamento, suporte e benefícios para empresas que constroem soluções, vendem serviços ou criam produtos que usam a plataforma de nuvem."
"Marketplace and Partners","APN Paths","https://aws.amazon.com/partners/paths/","Partner Advantage Tracks","https://cloud.google.com/partners","Partner Designations","https://partner.microsoft.com/en-us/pcp","Specializations","https://www.oracle.com/partnernetwork/","Certificações de Parceria","Níveis ou trilhas de parceria que os parceiros podem seguir para demonstrar sua experiência técnica e sucesso com os clientes em áreas específicas (por exemplo, software, serviços, hardware)."
"Marketplace and Partners","AWS Professional Services","https://aws.amazon.com/professional-services/","Google Cloud Professional Services","https://cloud.google.com/services","Microsoft Consulting Services","https://azure.microsoft.com/en-us/services/microsoft-consulting-services/","Oracle Cloud Infrastructure Services","https://www.oracle.com/cloud/services/","Serviços Profissionais","Equipes internas de consultores especializados que ajudam os clientes a alcançar seus resultados de negócios na nuvem, oferecendo orientação técnica e melhores práticas."
"Relatórios e Análise de Custos","AWS Cost Explorer","https://aws.amazon.com/aws-cost-management/aws-cost-explorer/","Cloud Billing Reports","https://cloud.google.com/billing/docs/how-to/view-reports","Azure Cost Analysis","https://learn.microsoft.com/en-us/azure/cost-management-billing/cost-management-billing-overview","Cost Analysis","https://docs.oracle.com/en-us/iaas/Content/Billing/Concepts/billingoverview.htm","Painel de Análise de Custos","Ferramentas de visualização e análise que permitem aos usuários entender seus gastos, identificar tendências e filtrar custos por serviço, região, tags, etc."
"Orçamentos e Alertas","AWS Budgets","https://aws.amazon.com/aws-cost-management/aws-budgets/","Cloud Billing Budgets","https://cloud.google.com/billing/docs/how-to/budgets","Azure Budgets","https://learn.microsoft.com/en-us/azure/cost-management-billing/cost-management-billing-overview","Budgets","https://docs.oracle.com/en-us/iaas/Content/Billing/Concepts/billingoverview.htm","Orçamentos e Alertas","Permite definir limites de gastos e receber alertas quando o consumo se aproxima ou excede o valor predefinido."
"Otimização de Custos","AWS Trusted Advisor","https://aws.amazon.com/trustedadvisor/","Cloud Recommender","https://cloud.google.com/recommender","Azure Advisor","https://learn.microsoft.com/en-us/azure/advisor/","Cloud Advisor","https://docs.oracle.com/en-us/iaas/Content/Billing/Concepts/billingoverview.htm","Recomendações de Otimização","Serviço que analisa o ambiente do cliente e fornece recomendações para otimizar custos, desempenho, segurança e tolerância a falhas."
"Preços e Descontos","Savings Plans, Reserved Instances (RIs)","https://aws.amazon.com/savingsplans/","Committed Use Discounts (CUDs)","https://cloud.google.com/committed-use-discounts","Azure Reservations, Azure Savings Plan","https://learn.microsoft.com/en-us/azure/cost-management-billing/reservations/what-are-reservations","Universal Credit","https://docs.oracle.com/en-us/iaas/Content/Billing/Concepts/billingoverview.htm","Descontos por Compromisso","Modelos de precificação que oferecem descontos significativos em troca de um compromisso de uso por um ou três anos."
"Relatórios de Uso Detalhados","Cost & Usage Report (CUR)","https://aws.amazon.com/aws-cost-management/aws-cost-and-usage-report/","Export to BigQuery","https://cloud.google.com/billing/docs/how-to/export-data-bigquery","Export to Azure Storage","https://learn.microsoft.com/en-us/azure/cost-management-billing/exports/export-cost-data-storage","Cost and Usage Reports","https://docs.oracle.com/en-us/iaas/Content/Billing/Concepts/billingoverview.htm","Relatórios de Custos e Uso","Exportação de dados brutos e granulares sobre uso e custo para uma análise aprofundada em um banco de dados ou ferramenta de BI."
"Organização de Custos","Tags de Alocação de Custos","https://docs.aws.amazon.com/awsaccountbilling/latest/aboutv2/cost-alloc-tags.html","Labels","https://cloud.google.com/resource-manager/docs/creating-managing-labels","Tags","https://learn.microsoft.com/en-us/azure/azure-resource-manager/management/tag-resources","Tags","https://docs.oracle.com/en-us/iaas/Content/Tagging/Concepts/taggingoverview.htm","Tags de Recursos","Metadados atribuídos aos recursos para organizar e categorizar custos, facilitando a alocação de gastos a projetos, equipes ou centros de custo específicos."
"HPC and Specialized","ParallelCluster","https://aws.amazon.com/hpc/parallelcluster/","HPC Toolkit","https://cloud.google.com/hpc-toolkit","CycleCloud","https://azure.microsoft.com/en-us/services/cyclecloud/","OCI HPC","https://www.oracle.com/cloud/hpc/","Gerenciamento de Cluster HPC","Ferramentas para criar, gerenciar e otimizar clusters HPC de forma automatizada na nuvem."
"HPC and Specialized","Elastic Fabric Adapter (EFA)","https://aws.amazon.com/hpc/efa/","High Performance Networking (RDMA)","https://cloud.google.com/hpc-toolkit","Infiniband (HB/HC Series)","https://azure.microsoft.com/en-us/services/virtual-machines/h-series-infiniband/","RDMA over Converged Ethernet (RoCE)","https://docs.oracle.com/en-us/iaas/Content/Compute/References/ocitutorial_hpc.htm","Interconectividade de Baixa Latência","Interface de rede para comunicação de alta velocidade e baixa latência entre instâncias, crucial para cargas de trabalho de HPC."
"HPC and Specialized","EC2 C, P, G Instances","https://aws.amazon.com/ec2/instance-types/","Compute Engine H3, C3, A3 VMs","https://cloud.google.com/compute/docs/instance-groups","Azure H, N Series VMs","https://azure.microsoft.com/en-us/services/virtual-machines/h-series-hpc-vm/","BM.HPC2.36 Instances","https://www.oracle.com/cloud/hpc/","Instâncias de HPC e GPU","Tipos de instâncias de máquinas virtuais com foco em alto desempenho de computação e aceleração por GPUs."
"HPC and Specialized","FSx for Lustre","https://aws.amazon.com/fsx/lustre/","Filestore (Enterprise)","https://cloud.google.com/filestore","Azure Blob/Files (Premium)","https://azure.microsoft.com/en-us/services/storage/blobs/","File Storage Service","https://www.oracle.com/cloud/file-storage/","Sistema de Arquivos Paralelo","Armazenamento de arquivos de alto desempenho, otimizado para cargas de trabalho de computação em grande escala."
"HPC and Specialized","Trainium & Inferentia","https://aws.amazon.com/machine-learning/trainium/","TPU (Tensor Processing Unit)","https://cloud.google.com/tpu","Azure AI Accelerators","https://azure.microsoft.com/en-us/solutions/ai-accelerators/","NVIDIA GPUs","https://www.oracle.com/cloud/ai/","Chips de IA","Chips especializados, projetados e otimizados para acelerar cargas de trabalho de treinamento (Trainium) e inferência (Inferentia) de Machine Learning."
"Business Application Services","Amazon Connect","https://aws.amazon.com/connect/","Contact Center AI Platform","https://cloud.google.com/contact-center-ai","Azure Communication Services","https://azure.microsoft.com/en-us/services/communication-services/","","","Plataforma de Contact Center","Serviço gerenciado para construir um contact center omnichannel na nuvem. GCP e Azure oferecem os blocos de construção e APIs, enquanto a OCI não tem um equivalente nativo."
"Business Application Services","Amazon WorkSpaces","https://aws.amazon.com/workspaces/","Virtual Desktops","https://cloud.google.com/blog/topics/compute/vdi-on-gcp","Azure Virtual Desktop","https://azure.microsoft.com/en-us/services/virtual-desktop/","OCI Virtual Desktop","https://www.oracle.com/cloud/virtual-desktop/","Desktop as a Service (DaaS)","Oferece desktops virtuais seguros e gerenciados na nuvem. GCP usa soluções de parceiros, enquanto Azure e OCI têm serviços nativos."
"Business Application Services","Amazon AppStream 2.0","https://aws.amazon.com/appstream2/","","","Azure Virtual Desktop","https://azure.microsoft.com/en-us/services/virtual-desktop/","","","Transmissão de Aplicações","Serviço que permite transmitir aplicações de desktop de forma segura e para qualquer lugar, sem a necessidade de instalar nada localmente."
"Business Application Services","Amazon WorkDocs","https://aws.amazon.com/workdocs/","Google Drive","https://www.google.com/drive/","SharePoint/OneDrive","https://www.microsoft.com/en-us/microsoft-365/onedrive/online-cloud-storage","","","Armazenamento e Colaboração","Serviço de armazenamento e colaboração de documentos na nuvem. A funcionalidade é coberta por produtos como o Google Drive e o Microsoft 365, que são parte de suítes de produtividade."
"Business Application Services","Amazon Chime","https://aws.amazon.com/chime/","Google Meet/Google Chat","https://workspace.google.com/","Microsoft Teams","https://www.microsoft.com/en-us/microsoft-teams/group-chat-software","","","Comunicação e Colaboração","Serviço de comunicações unificadas, incluindo reuniões online, vídeo e chat. É o equivalente direto do Microsoft Teams e do Google Meet."
"Business Application Services","Amazon SES (Simple Email Service)","https://aws.amazon.com/ses/","SendGrid/Mailgun","https://cloud.google.com/sendgrid","Azure Communication Services","https://azure.microsoft.com/en-us/services/communication-services/","","","Serviço de Envio de Email","Serviço de envio de e-mails transacionais e de marketing em massa de forma confiável e escalável. GCP e Azure usam APIs nativas e parcerias com serviços como SendGrid."
"Business Application Services","AWS Supply Chain","https://aws.amazon.com/supply-chain/","","","","","Oracle Supply Chain Management & Manufacturing","https://www.oracle.com/br/scm/","Solução de Gerenciamento da Cadeia de Suprimentos","Serviço de software especializado para gerenciamento da cadeia de suprimentos. Outros provedores não oferecem um serviço nativo e dedicado, focando na plataforma para que os clientes construam ou usem soluções de terceiros. A OCI oferece um conjunto de aplicações de negócios, incluindo gerenciamento da cadeia de suprimentos."
"Business Application Services","AWS AppFabric","https://aws.amazon.com/appfabric/","","","","","","","Plataforma de Conexão de Apps SaaS","Solução que conecta e normaliza dados de aplicações SaaS para análise de segurança e produtividade. Atualmente, os outros provedores não oferecem uma solução nativa e dedicada, mas contam com um ecossistema de parceiros (como Semarchy no Azure Marketplace) para fornecer essa funcionalidade."
"Business Application Services","Just Walk Out","https://aws.amazon.com/just-walk-out/","","","","","","","Tecnologia de Varejo sem Checkout","Sistema de varejo que usa visão computacional e fusão de sensores para permitir que os clientes peguem itens e saiam sem precisar fazer o checkout. Os outros provedores de nuvem não têm um equivalente nativo, mas oferecem os blocos de construção (IA, Visão Computacional, IoT) para que as empresas de varejo e parceiros construam soluções semelhantes."
"Business Application Services","Amazon One","https://aws.amazon.com/amazon-one/","","","","","","","Autenticação Biométrica","Sistema de autenticação de identidade baseado na palma da mão, usado para pagamento e entrada em locais. Não há um equivalente nativo nas outras nuvens, que dependem de soluções de parceiros ou se concentram em autenticação baseada em token."
"Business Application Services","Amazon Dash Cart","https://aws.amazon.com/dash-cart/","","","Soluções de Parceiros","https://azuremarketplace.microsoft.com/en-us/marketplace/apps/swiftgoinc.swiftgo09?tab=Overview","","","Carrinho de Compras Inteligente","Carrinho de compras inteligente que utiliza visão computacional e sensores para digitalizar e pesar itens, permitindo que os clientes pulem a fila de checkout. Os outros provedores de nuvem não têm um equivalente nativo, mas soluções de terceiros podem ser encontradas em seus marketplaces."
"Productivity Applications","Amazon WorkDocs","https://aws.amazon.com/workdocs/","Google Drive","https://www.google.com/drive/","SharePoint/OneDrive","https://www.microsoft.com/en-us/microsoft-365/onedrive/online-cloud-storage","","","Armazenamento e Colaboração","Serviço de armazenamento e colaboração de documentos na nuvem. A funcionalidade é coberta por produtos como o Google Drive e o Microsoft 365."
"Productivity Applications","Amazon Chime","https://aws.amazon.com/chime/","Google Meet/Google Chat","https://workspace.google.com/","Microsoft Teams","https://www.microsoft.com/en-us/microsoft-teams/group-chat-software","","","Comunicação e Colaboração","Serviço de comunicações unificadas, incluindo reuniões online, vídeo e chat. É o equivalente direto do Microsoft Teams e do Google Meet."
"Productivity Applications","Amazon WorkMail","https://aws.amazon.com/workmail/","Gmail","https://workspace.google.com/","Exchange Online","https://www.microsoft.com/en-us/microsoft-365/exchange/online","","","E-mail Gerenciado","Serviço de e-mail e calendário gerenciado para empresas, com compatibilidade com clientes de e-mail como o Microsoft Outlook. A funcionalidade é o equivalente direto do Gmail no Google Workspace e do Exchange Online no Microsoft 365."
"Productivity Applications","AWS Wickr","https://aws.amazon.com/wickr/","","","","","","","Comunicação Segura e Criptografada","Serviço de comunicação com criptografia de ponta a ponta e controle de segurança, focado em alta confidencialidade para agências governamentais e empresas. Não há um equivalente nativo e dedicado nas outras nuvens, que dependem de soluções de terceiros ou usam seus serviços de comunicação unificada."
"Productivity Applications","Amazon Honeycode","https://aws.amazon.com/honeycode/","AppSheet","https://cloud.google.com/appsheet","Power Apps","https://powerapps.microsoft.com/en-us/","","","Plataforma Low-Code/No-Code","Ferramenta que permite criar aplicativos web e móveis sem a necessidade de programação. O GCP e o Azure têm soluções consolidadas nessa área com o AppSheet e o Power Apps, respectivamente."
"Productivity Applications","Amazon WorkSpaces","https://aws.amazon.com/workspaces/","Virtual Desktops","https://cloud.google.com/blog/topics/compute/vdi-on-gcp","Azure Virtual Desktop","https://azure.microsoft.com/en-us/services/virtual-desktop/","OCI Virtual Desktop","https://www.oracle.com/cloud/virtual-desktop/","Desktop as a Service (DaaS)","Oferece desktops virtuais seguros e gerenciados na nuvem. GCP usa soluções de parceiros, enquanto Azure e OCI têm serviços nativos."
"Communication Developer Services","Amazon Pinpoint","https://aws.amazon.com/pinpoint/","Firebase","https://firebase.google.com/","Azure Communication Services","https://azure.microsoft.com/en-us/services/communication-services/","","","Envio de Mensagens e Notificações","Permite o envio de mensagens direcionadas (push, e-mail, SMS) para os usuários de uma aplicação. No GCP, o Firebase é o equivalente mais próximo para aplicações móveis e web. No Azure, a funcionalidade é parte do Azure Communication Services."
"Communication Developer Services","Amazon SES (Simple Email Service)","https://aws.amazon.com/ses/","SendGrid/Mailgun","https://cloud.google.com/sendgrid","Azure Communication Services","https://azure.microsoft.com/en-us/services/communication-services/","","","Serviço de Envio de E-mail","API para envio de e-mails transacionais e de marketing em massa de forma confiável e escalável. GCP e Azure não têm um serviço nativo e dedicado com este propósito, mas oferecem APIs e parcerias com serviços como SendGrid."
"Communication Developer Services","Amazon SNS (Simple Notification Service)","https://aws.amazon.com/sns/","Pub/Sub","https://cloud.google.com/pubsub","Event Grid","https://azure.microsoft.com/en-us/services/event-grid/","Notifications","https://www.oracle.com/cloud/notifications/","Publicar/Assinar","Serviço de mensagens que permite enviar mensagens para múltiplos assinantes, como e-mails, SMS, filas, ou outras funções. Todos os provedores oferecem um serviço equivalente."
"Communication Developer Services","Amazon Chime SDK","https://aws.amazon.com/chime/","Communications APIs (via Twilio, Vonage)","","Communication Services","https://azure.microsoft.com/en-us/services/communication-services/","","","Kit de Comunicação em Tempo Real","Kit de desenvolvimento para adicionar recursos de comunicação, como chat, voz e vídeo, em suas próprias aplicações. O Azure oferece um serviço nativo, enquanto a GCP e a OCI dependem de parcerias e soluções de terceiros."
